Topic,Subtopic,Document Name,Source Organization,Publication Year,Language,URL,Reliability,Latest Available? (Yes/No)
Sugarcane Cultivation,Agro-climatic overview (India & Karnataka),01_sugarcane_cultivation_overview_india_and_karnataka.md,ICAR-Indian Institute of Sugarcane Research (IISR) / AICRP on Sugarcane,2017,English,https://iisr.icar.gov.in/iisr/aicrp/download/Sugarcane_in_India.pdf,High,No
Sugarcane Cultivation,Land preparation,02_land_preparation.md,ICAR-Indian Institute of Sugarcane Research (IISR),2017,English,https://iisr.icar.gov.in/iisr/aicrp/download/Sugarcane_in_India.pdf,High,No
Sugarcane Cultivation,Seed selection and seed treatment,03_seed_selection_and_seed_treatment.md,ICAR-Indian Institute of Sugarcane Research (IISR),2017,English,https://iisr.icar.gov.in/iisr/aicrp/download/Sugarcane_in_India.pdf,High,No
Sugarcane Cultivation,Planting methods and nursery techniques,04_planting_methods_and_nursery_techniques.md,ICAR-Indian Institute of Sugarcane Research (IISR),2017,English,https://iisr.icar.gov.in/iisr/aicrp/download/Sugarcane_in_India.pdf,High,No
Weed Management,"Plant crop, ratoon crop, and binding weeds",05_weed_management.md,ICAR-Indian Institute of Sugarcane Research (IISR),2017,English,https://iisr.icar.gov.in/iisr/aicrp/download/Sugarcane_in_India.pdf,High,No
Sugarcane Cultivation,Current-season (Kharif 2025) sugarcane operations,06_icar_kharif_agro_advisory_2025_sugarcane.md,"ICAR, New Delhi (Agricultural Extension Division, with SAUs and KVKs)",2025,English,https://icar.org.in/sites/default/files/Circulars/ICAR-En-Kharif-Agro-Advisories-for-Farmers-2025.pdf,High,Yes
Irrigation,Irrigation water management and economizing methods,01_irrigation_water_management.md,ICAR-Indian Institute of Sugarcane Research (IISR),2017,English,https://iisr.icar.gov.in/iisr/aicrp/download/Sugarcane_in_India.pdf,High,No
Fertilizer Recommendations,"Nutrient/fertilizer management (NPK, biofertilizers)",01_fertilizer_and_nutrient_management.md,ICAR-Indian Institute of Sugarcane Research (IISR),2017,English,https://iisr.icar.gov.in/iisr/aicrp/download/Sugarcane_in_India.pdf,High,No
Nutrient Deficiencies,Iron chlorosis and micronutrient deficiency,01_iron_chlorosis_and_micronutrient_deficiency.md,ICAR-Indian Institute of Sugarcane Research (IISR),2017,English,https://iisr.icar.gov.in/iisr/aicrp/download/Sugarcane_in_India.pdf,High,No
Pest Management,Integrated insect-pest management,01_insect_pest_management.md,ICAR-Indian Institute of Sugarcane Research (IISR),2017,English,https://iisr.icar.gov.in/iisr/aicrp/download/Sugarcane_in_India.pdf,High,No
Pest Management,Current (2024-2025) farmer helpline and IISR extension activity,02_iisr_current_helpline_and_2024_2025_activities.md,ICAR-Indian Institute of Sugarcane Research (IISR),2024-2025,English,https://iisr.icar.gov.in/iisr/pages/farmershelpline.jsp,High,Yes
Disease Management,"Red rot, smut, wilt, GSD, RSD, YLD, pokkah boeng, rust",01_disease_management.md,ICAR-Indian Institute of Sugarcane Research (IISR),2017,English,https://iisr.icar.gov.in/iisr/aicrp/download/Sugarcane_in_India.pdf,High,No
Harvesting,Maturity indicators and harvesting practices,01_maturity_and_harvesting.md,ICAR-Indian Institute of Sugarcane Research (IISR),2017,English,https://iisr.icar.gov.in/iisr/aicrp/download/Sugarcane_in_India.pdf,High,No
Post-Harvest Practices,Sucrose loss prevention and stale-cane management,02_post_harvest_management_and_sucrose_loss.md,"ICAR-Sugarcane Breeding Institute (SBI), Coimbatore",Not dated (accessed 2021),English,https://sugarcane.icar.gov.in/index.php/en/2014-04-28-11-31-50/production-technology?id=316,High,No
Soil Health,"Soil nutrient replenishment, SSI, RCT, Soil Health Card Scheme",01_soil_health_management.md,"ICAR-IISR / Department of Agriculture, Government of Karnataka",2017 / Not dated,English,https://iisr.icar.gov.in/iisr/aicrp/download/Sugarcane_in_India.pdf ; https://bangalorerural.nic.in/en/agriculture/,High,No
Weather Advisory,Agromet advisory bulletin structure and sugarcane guidance (North Karnataka),01_agromet_advisory_north_karnataka.md,India Meteorological Department (IMD) with Karnataka State Agriculture Department,"2026 (sample bulletin, 06 Mar 2026)",English,https://mausam.imd.gov.in/bengaluru/mcdata/nkafc.pdf,High,Yes
Government Schemes,"Karnataka and central schemes for farmers (NFSM, PMKSY, RKVY, Krishi Bhagya, etc.)",01_karnataka_and_central_govt_schemes_for_farmers.md,"Department of Agriculture, Government of Karnataka (KSDA)",Not dated (current listing),English,https://bangalorerural.nic.in/en/agriculture/,Medium,No
Government Schemes,Viksit Krishi Sankalp Abhiyan (VKSA-2025) — current KVK/farmer-scientist outreach campaign,02_viksit_krishi_sankalp_abhiyan_vksa_2025.md,"ICAR, New Delhi / Ministry of Agriculture & Farmers Welfare",2025,English,https://icar.org.in/en/viksit-krishi-sankalp-abhiyan-vksa-2025-farmers-innovations-2025,High,Yes
Crop Insurance,Pradhan Mantri Fasal Bima Yojana (PMFBY),01_pradhan_mantri_fasal_bima_yojana_pmfby.md,"Ministry of Agriculture & Farmers Welfare, Government of India (via PIB)",2025,English,https://www.pib.gov.in/PressReleasePage.aspx?PRID=2104175,High,Yes
Market Price Information,Fair and Remunerative Price (FRP) of sugarcane,01_sugarcane_fair_and_remunerative_price_frp.md,"Cabinet Committee on Economic Affairs, Government of India (via PIB) / Manorama Yearbook",2025 / 2026,English,https://www.pib.gov.in/PressReleasePage.aspx?PRID=2125471,High,Yes
Labour Safety,ILO Code of Practice on Safety and Health in Agriculture,01_ilo_safety_and_health_in_agriculture.md,International Labour Organization (ILO),Not dated (referenced 2026),English,https://www.ilo.org/resource/other/safety-and-health-agriculture,High,No
Labour Safety,Occupational hazards in sugarcane harvesting,02_sugarcane_harvesting_occupational_hazards.md,"Assam Agricultural University (peer-reviewed journal, AATCC)",2025,English,https://aatcc.peerjournals.net/wp-content/uploads/2025/02/Ergonomic-evaluation-of-occupational-health-hazards-of-farmers-involved-in-sugarcane-cultivation.pdf,Medium,Yes
Women's Health Awareness,Occupational health of women agricultural workers in India,01_occupational_health_of_women_agricultural_workers.md,"PubMed Central (PMC) / NCBI, referencing ICMR-NIOH research context","Not confirmed (pre-2024, exact date unverified)",English,https://pmc.ncbi.nlm.nih.gov/articles/PMC7877425/,Medium,No
Farm Machinery,IISR sugarcane mechanization technologies,01_iisr_sugarcane_mechanization_technologies.md,ICAR-Indian Institute of Sugarcane Research (IISR),2017,English,https://iisr.icar.gov.in/iisr/aicrp/download/Sugarcane_in_India.pdf,High,No
Farm Machinery,Karnataka farm mechanization subsidy and custom hiring,02_karnataka_farm_mechanization_subsidy_and_custom_hiring.md,"Department of Agriculture, Government of Karnataka (KSDA)",Not dated (current listing),English,https://bangalorerural.nic.in/en/agriculture/,Medium,No
